Date/Time,Lat,Lon,error
3/3/20 17:30:22,55.78255844116211,49.144981384277344,4
2/22/20 11:02:44,55.77677917480469,49.1071891784668,1
2/18/20 14:00:28,55.79111862182617,49.24785995483398,1
2/25/20 16:12:33,55.76892852783203,49.21768188476562,2
3/6/20 17:25:20,55.79182052612305,49.09888076782226,4
1/26/20 17:24:30,55.77547073364258,49.14545059204102,1
1/23/20 23:32:04,55.72848892211914,49.185791015625,2
2/21/20 21:29:23,55.76892852783203,49.21768188476562,1
3/5/20 21:31:20,55.81534957885742,49.14204025268555,0
3/14/20 15:33:42,55.78784942626953,49.155479431152344,0
1/31/20 15:56:18,55.76995849609375,49.13341903686523,4
3/1/20 09:56:28,55.78107833862305,49.191810607910156,1
3/6/20 12:53:50,55.79690933227539,49.20886993408203,3
2/16/20 11:34:19,55.82532119750977,49.15277099609375,0
3/12/20 23:50:18,55.834449768066406,49.05902862548828,2
2/26/20 20:57:24,55.76092147827149,49.17824172973633,4
3/13/20 19:27:10,55.839698791503906,49.06135940551758,1
1/28/20 10:36:16,55.7973518371582,49.13338088989258,1
1/20/20 19:06:07,55.77983856201172,49.23091125488281,0
2/21/20 10:45:23,55.76208114624024,49.174720764160156,0
2/22/20 12:40:08,55.84881973266602,49.22430038452149,0
2/22/20 13:05:34,55.81766128540039,49.142051696777344,0
1/25/20 19:58:24,55.79537963867188,49.22806930541992,1
1/25/20 13:47:58,55.74903869628906,49.20825958251953,0
1/29/20 17:04:08,55.76092910766602,49.148658752441406,0
2/7/20 16:24:30,55.83277130126953,49.13251876831055,0
2/18/20 19:16:18,55.756690979003906,49.22726058959961,1
2/18/20 17:47:05,55.83879089355469,49.14865112304688,0
3/10/20 09:40:25,55.78874969482422,49.15766906738281,1
2/25/20 14:38:30,55.83237838745117,49.14841842651367,1
1/26/20 22:21:30,55.82252883911133,49.03446960449219,2
2/10/20 12:49:29,55.7899284362793,49.13903045654297,0
2/3/20 17:09:53,55.79397964477539,49.11973190307617,1
3/16/20 08:24:55,55.79764175415039,49.12606811523438,0
2/26/20 12:35:24,55.816200256347656,49.18133926391602,2
3/1/20 21:50:15,55.80923843383789,49.18164825439453,4
2/3/20 09:32:31,55.79759979248047,49.11138916015625,2
2/6/20 21:29:12,55.76472854614258,49.22502899169922,3
2/13/20 23:04:30,55.7417984008789,49.20661926269531,2
1/20/20 17:31:39,55.777809143066406,49.12976837158203,1
3/14/20 00:13:11,55.82733917236328,49.05926132202149,0
2/12/20 08:18:04,55.82051086425781,49.10926818847656,6
2/22/20 05:48:07,55.78691864013672,49.15739822387695,1
1/21/20 17:10:28,55.74480819702149,49.196510314941406,0
1/22/20 19:40:37,55.76956176757813,49.10857009887695,5
2/17/20 19:44:32,55.7888298034668,49.123451232910156,0
1/29/20 22:04:11,55.79145050048828,49.15319061279297,1
1/30/20 10:44:27,55.79056167602539,49.16772079467773,3
2/25/20 09:23:24,55.82194137573242,49.10435104370117,1
2/14/20 22:37:34,55.86473083496094,49.09334182739258,0
1/25/20 07:38:11,55.81982040405274,49.1214485168457,1
3/6/20 17:40:39,55.77334976196289,49.17420959472656,4
2/8/20 15:58:12,55.79066848754883,49.16997146606445,1
2/15/20 17:13:43,55.75843048095703,49.1652717590332,1
3/13/20 09:22:52,55.7928581237793,49.1385383605957,0
3/1/20 07:54:10,55.79069900512695,49.10837936401367,0
3/8/20 20:08:55,55.89680862426758,49.13705062866211,0
2/22/20 19:08:01,55.77872848510742,49.23223114013672,1
2/1/20 05:35:24,55.826820373535156,49.08951187133789,2
2/1/20 13:56:33,55.78068161010742,49.24258041381836,2
1/25/20 16:22:53,55.7847900390625,49.16656875610352,1
3/9/20 12:29:08,55.86283874511719,49.01620864868164,1
3/14/20 23:26:39,55.76618957519531,49.22058868408203,7
2/23/20 11:29:06,55.81901168823242,49.11336135864258,3
2/16/20 08:41:10,55.796470642089844,49.12110137939453,1
3/5/20 02:31:45,55.79816818237305,49.27447128295898,7
3/3/20 09:52:43,55.78689956665039,49.12445068359375,5
2/13/20 15:50:59,55.8315315246582,49.05469131469727,0
2/6/20 17:30:38,55.79909133911133,49.19139099121094,3
2/9/20 01:53:28,55.76654052734375,49.16363143920898,4
2/13/20 20:27:17,55.73590087890625,49.30575942993164,3
2/7/20 14:22:27,55.83858108520508,49.14860153198242,0
3/8/20 08:36:13,55.7905387878418,49.10811996459961,3
1/24/20 15:24:33,55.770301818847656,49.143310546875,0
1/25/20 15:29:20,55.78734970092773,49.1809196472168,0
2/20/20 21:28:11,55.76190185546875,49.14794158935547,0
2/15/20 09:49:05,55.78683090209961,49.16030883789063,0
2/18/20 11:17:09,55.78709030151367,49.12641143798828,0
2/10/20 14:39:40,55.84180068969727,49.13618087768555,2
3/11/20 09:12:48,55.83626937866211,49.14445114135742,3
3/14/20 10:58:41,55.71873092651367,49.16368103027344,7
2/23/20 10:56:02,55.786888122558594,49.11026000976562,2
3/1/20 05:29:04,55.83348846435547,49.08940124511719,1
1/28/20 18:26:12,55.73709106445313,49.16120910644531,1
3/16/20 22:06:29,55.76020050048828,49.17895126342773,2
2/15/20 07:29:28,55.78189086914063,49.23648071289063,4
1/29/20 14:08:51,55.77412033081055,49.11661148071289,1
1/21/20 08:50:05,55.79304885864258,49.10345840454102,3
3/1/20 10:56:32,55.7628402709961,49.22668075561523,4
2/5/20 13:10:13,55.82072067260742,49.09307098388672,4
2/10/20 14:03:08,55.85623168945313,49.07912063598633,1
1/26/20 00:51:15,55.78963088989258,49.11623001098633,2
2/13/20 00:42:11,55.79813003540039,49.180870056152344,1
3/12/20 07:08:28,55.82197952270508,49.15356826782226,0
2/4/20 21:18:13,55.78020095825195,49.12928009033203,0
3/7/20 18:01:16,55.78609848022461,49.1638298034668,2
3/14/20 00:50:51,55.79119873046875,49.11816024780274,2
1/27/20 09:25:12,55.79306030273438,49.16415023803711,2
2/27/20 21:55:50,55.76686096191406,49.14014053344727,0
2/7/20 00:05:54,55.77209091186523,49.09957885742188,0
3/3/20 17:00:29,55.77421951293945,49.11629104614258,1
3/4/20 12:06:37,55.73155975341797,49.1727409362793,1
3/1/20 01:24:39,55.8255500793457,49.1241683959961,0
3/7/20 15:54:52,55.76787185668945,49.26895141601562,0
3/5/20 07:27:27,55.82308959960938,49.12765884399414,0
2/9/20 18:45:41,55.82165908813477,49.14801025390625,0
2/23/20 11:24:14,55.76810836791992,49.13433074951172,2
1/27/20 18:11:45,55.83982849121094,49.10905838012695,3
3/16/20 21:46:35,55.79124069213867,49.10009002685547,1
3/7/20 10:26:48,55.8642807006836,49.09164047241211,2
2/15/20 19:51:23,55.76974868774414,49.241371154785156,0
3/3/20 10:30:33,55.73212051391602,49.18928909301758,0
2/12/20 12:57:59,55.782920837402344,49.195701599121094,1
2/29/20 07:30:45,55.85009002685547,49.0676383972168,0
3/9/20 01:24:33,55.836341857910156,49.14532089233398,0
2/25/20 12:50:55,55.785560607910156,49.15427017211914,0
3/5/20 20:23:10,55.77936935424805,49.11734008789063,1
3/1/20 23:29:58,55.791419982910156,49.11212921142578,2
3/12/20 15:17:01,55.76472091674805,49.159339904785156,7
3/11/20 18:13:26,55.78823852539063,49.13943099975586,4
2/21/20 13:04:19,55.75128936767578,49.17322158813477,0
2/1/20 09:04:31,55.86243057250977,49.21519088745117,0
2/14/20 17:07:22,55.77719116210938,49.17266845703125,6
2/19/20 22:27:42,55.84062957763672,49.10585021972656,1
2/28/20 08:52:34,55.82701873779297,49.02598190307617,1
3/14/20 09:54:03,55.75117874145508,49.21966171264648,2
2/9/20 15:58:45,55.80683135986328,49.18275833129883,1
3/11/20 09:36:31,55.833580017089844,49.10470962524414,1
2/6/20 09:41:09,55.79502868652344,49.11175918579102,0
2/17/20 14:19:04,55.784141540527344,49.234230041503906,3
2/13/20 00:04:12,55.74509048461914,49.18988037109375,1
2/7/20 22:39:50,55.77149963378906,49.09653854370117,3
3/9/20 01:31:00,55.74116897583008,49.1898193359375,0
1/20/20 15:15:13,55.76316833496094,49.15481948852539,4
2/7/20 21:38:43,55.80939865112305,49.19918823242188,5
1/31/20 21:49:36,55.790771484375,49.10850143432617,3
1/20/20 13:09:11,55.74784851074219,49.221229553222656,1
3/15/20 18:53:29,55.78728103637695,49.13431167602539,0
2/18/20 13:01:48,55.78570938110352,49.11896133422852,1
3/13/20 08:43:50,55.74140167236328,49.2218017578125,4
2/7/20 15:25:50,55.76137924194336,49.19815063476562,0
2/20/20 13:31:00,55.82014083862305,49.09603118896485,1
3/12/20 07:50:45,55.79158020019531,49.1227912902832,5
1/31/20 19:17:18,55.79317855834961,49.10261154174805,0
3/7/20 19:45:25,55.86143112182617,49.09761047363281,0
3/16/20 12:03:15,55.86341094970703,49.07891845703125,2
2/14/20 16:29:12,55.77994155883789,49.10364151000977,1
2/5/20 12:04:00,55.78348159790039,49.12586975097656,2
2/5/20 18:10:28,55.81983947753906,49.12089920043945,0
2/15/20 18:54:38,55.77447891235352,49.13776016235352,3
3/12/20 19:26:53,55.91905975341797,49.14052963256836,2
2/20/20 14:12:49,55.76324844360352,49.23254013061523,1
2/10/20 20:03:19,55.79433059692383,49.10953903198242,4
3/11/20 08:59:51,55.80585098266602,49.183509826660156,1
2/8/20 22:41:33,55.81985855102539,49.106300354003906,2
2/8/20 01:47:45,55.86650848388672,49.21704864501953,3
2/7/20 23:02:11,55.8326301574707,49.06694030761719,0
2/29/20 13:08:50,55.81678009033203,49.18172073364258,1
2/7/20 18:09:36,55.78839111328125,49.12197875976562,13
2/2/20 14:38:43,55.80487823486328,49.18938064575195,3
2/8/20 17:47:28,55.78599166870117,49.17034912109375,0
2/12/20 16:32:59,55.77162170410156,49.1334114074707,1
3/2/20 08:29:31,55.79444885253906,49.14141845703125,2
1/25/20 09:49:51,55.8595199584961,49.01691818237305,2
3/5/20 08:26:09,55.82770156860352,49.162330627441406,2
2/17/20 11:54:42,55.79328155517578,49.24103927612305,1
1/23/20 07:59:06,55.791481018066406,49.12334823608398,0
2/21/20 15:22:34,55.84218978881836,49.08047103881836,1
1/24/20 21:32:00,55.78839111328125,49.12186050415039,1
3/12/20 10:36:17,55.86901092529297,49.09399032592773,1
2/17/20 22:25:17,55.837608337402344,49.11882019042969,2
2/27/20 20:09:45,55.79607009887695,49.17926025390625,0
1/20/20 16:09:01,55.74116897583008,49.1898193359375,1
2/28/20 16:05:07,55.8287582397461,49.03168869018555,1
2/16/20 19:10:47,55.84160995483398,49.08353042602539,4
1/21/20 12:21:51,55.83367156982422,49.075599670410156,1
1/29/20 10:24:44,55.81972122192383,49.10715866088867,4
3/11/20 18:41:53,55.833351135253906,49.1226806640625,0
2/12/20 20:29:15,55.74961853027344,49.245460510253906,9
3/16/20 18:45:25,55.84167098999024,49.09236145019531,1
2/5/20 22:00:27,55.81705856323242,49.13198852539063,2
3/12/20 07:29:47,55.72982025146485,49.18994903564453,2
2/23/20 22:27:35,55.8204116821289,49.12514114379883,2
3/8/20 14:35:31,55.82072067260742,49.09307098388672,1
2/1/20 08:57:16,55.7965202331543,49.12083053588867,4
2/20/20 14:19:34,55.7625617980957,49.228599548339844,2
2/19/20 20:03:29,55.75056076049805,49.216758728027344,2
2/14/20 11:11:30,55.83184814453125,49.14847946166992,0
3/14/20 20:43:43,55.76065063476562,49.24744033813477,2
2/28/20 06:55:58,55.74192810058594,49.20512008666992,1
2/18/20 16:02:03,55.81943130493164,49.1285400390625,0
2/5/20 14:02:48,55.76782989501953,49.1348991394043,4
2/20/20 17:52:18,55.76855087280274,49.10237121582031,0
3/4/20 21:51:12,55.82091903686523,49.09574890136719,1
2/16/20 08:40:46,55.820579528808594,49.09360885620117,4
2/13/20 12:01:39,55.750770568847656,49.226051330566406,5
3/12/20 09:57:10,55.83707809448242,49.084861755371094,0
2/20/20 19:11:20,55.82115936279297,49.11508178710938,1
2/5/20 15:32:28,55.81164169311523,49.18201065063477,1
1/26/20 19:45:23,55.86109161376953,49.10068130493164,0
2/21/20 23:13:56,55.83489990234375,49.12707901000977,0
2/19/20 11:48:55,55.86513900756836,49.06393814086914,2
3/3/20 07:20:43,55.76464080810547,49.12120056152344,0
2/9/20 16:07:09,55.80950927734375,49.1981201171875,0
3/5/20 14:04:33,55.75477981567383,49.11507034301758,0
3/13/20 15:20:32,55.79090881347656,49.12179183959961,0
3/3/20 14:09:51,55.813880920410156,49.09048080444336,2
2/5/20 03:04:31,55.79816818237305,49.11523056030274,0
2/20/20 15:34:29,55.79650115966797,49.1159782409668,0
2/11/20 09:13:16,55.78765869140625,49.23498153686523,9
1/28/20 16:49:04,55.75613021850586,49.19060897827149,1
2/6/20 10:46:47,55.8850212097168,49.06869888305664,5
2/18/20 08:57:05,55.79549026489258,49.13290023803711,5
2/21/20 20:21:00,55.76475143432617,49.1592903137207,1
2/11/20 18:17:34,55.820030212402344,49.09767150878906,0
1/22/20 12:02:41,55.81502151489258,49.18476104736328,3
2/19/20 10:19:42,55.77655029296875,49.13610076904297,1
2/28/20 12:41:12,55.80762100219727,49.18387985229492,0
2/13/20 10:00:21,55.87210083007813,49.0201301574707,7
2/7/20 22:25:09,55.75870895385742,49.24441909790039,6
3/3/20 18:59:30,55.86756134033203,49.054771423339844,0
2/17/20 08:31:56,55.82592010498047,49.12147903442383,9
2/13/20 18:11:21,55.8238410949707,49.05376815795898,5
2/21/20 23:12:24,55.83893966674805,49.0830307006836,2
2/9/20 02:09:11,55.74739837646485,49.20568084716797,5
2/19/20 21:12:46,55.77938842773438,49.11008834838867,0
1/21/20 13:48:14,55.837608337402344,49.12598037719727,1
3/1/20 18:18:07,55.75098037719727,49.181861877441406,4
1/22/20 10:35:10,55.7635383605957,49.22151184082031,0
2/22/20 03:37:46,55.78665161132813,49.11466979980469,3
2/19/20 12:16:55,55.76028823852539,49.16989135742188,0
2/20/20 17:07:09,55.87076187133789,49.0543212890625,1
1/27/20 21:25:43,55.8716812133789,49.0838508605957,1
2/25/20 22:38:09,55.75326919555664,49.17176818847656,0
2/14/20 11:05:49,55.791481018066406,49.12334823608398,1
2/20/20 07:01:39,55.81806182861328,49.1969108581543,3
2/11/20 21:17:27,55.80018997192383,49.18178939819336,1
3/6/20 20:09:38,55.7657699584961,49.23035049438477,3
3/14/20 08:04:53,55.78808975219727,49.1109504699707,3
2/18/20 07:00:32,55.7913703918457,49.11137008666992,0
2/22/20 08:24:45,55.82822036743164,49.08235168457031,0
2/17/20 13:42:09,55.791709899902344,49.11854934692383,2
1/23/20 21:10:34,55.72906112670898,49.16278076171875,0
1/24/20 06:59:01,55.78760147094727,49.14276123046875,1
2/21/20 17:02:36,55.8338508605957,49.05818176269531,9
2/11/20 13:16:50,55.803001403808594,49.20816040039063,0
2/12/20 13:25:26,55.79700088500977,49.12773895263672,0
1/26/20 12:17:49,55.788780212402344,49.17298889160156,0
2/10/20 10:53:23,55.83995819091797,49.08053970336914,6
2/28/20 19:44:52,55.78916931152344,49.10173034667969,0
2/11/20 09:26:28,55.83935928344727,49.15890121459961,1
2/7/20 12:38:18,55.76757049560547,49.12498092651367,1
2/13/20 10:41:25,55.8396110534668,49.13280868530274,4
2/5/20 22:19:28,55.84643173217773,49.24254989624024,4
2/12/20 21:52:51,55.74420928955078,49.22711181640625,5
2/9/20 13:24:34,55.81980895996094,49.12897109985352,2
2/21/20 15:05:48,55.77938842773438,49.22492980957031,7
1/22/20 19:50:57,55.749488830566406,49.1850700378418,4
3/6/20 18:09:36,55.6871109008789,49.21318817138672,2
3/7/20 09:37:31,55.82452011108398,49.1053581237793,4
2/23/20 12:34:37,55.777870178222656,49.14302062988281,3
1/30/20 15:20:14,55.77827072143555,49.2224006652832,2
2/13/20 06:53:44,55.7772216796875,49.1163101196289,2
2/23/20 16:17:42,55.76380920410156,49.18606948852539,0
2/4/20 17:14:33,55.82006072998047,49.13225173950195,0
2/29/20 23:59:19,55.79090881347656,49.116661071777344,1
2/10/20 13:43:16,55.81998062133789,49.06576156616211,1
2/19/20 14:34:42,55.78108978271485,49.112709045410156,5
2/13/20 14:34:29,55.782470703125,49.18191146850586,5
2/10/20 16:29:46,55.81800079345703,49.11471176147461,0
1/30/20 20:50:11,55.80397033691406,49.1758918762207,2
3/5/20 20:23:08,55.80109024047852,48.95664978027344,1
3/11/20 17:56:05,55.79376983642578,49.24631881713867,1
2/11/20 19:06:58,55.73498153686523,49.1773910522461,1
2/24/20 01:15:23,55.83845138549805,49.13003921508789,2
2/7/20 15:34:39,55.86399841308594,49.084228515625,1
3/14/20 09:33:41,55.86560821533203,49.06324005126953,0
2/10/20 12:00:18,55.83528137207031,49.0990104675293,2
1/24/20 00:26:40,55.78939819335938,49.11616134643555,2
1/23/20 15:45:50,55.84098815917969,49.146751403808594,0
1/25/20 18:33:04,55.7692985534668,49.23151016235352,0
1/24/20 13:38:48,55.76824951171875,49.103759765625,1
3/16/20 13:21:42,55.83544158935547,49.0872802734375,1
3/2/20 15:10:20,55.78371047973633,49.15909957885742,2
2/6/20 16:10:08,55.80421829223633,49.20851135253906,2
1/20/20 20:18:34,55.83824920654297,49.12302017211914,4
2/14/20 11:59:48,55.86204147338867,49.10982894897461,1
2/14/20 13:29:46,55.79524993896485,49.1882209777832,1
3/2/20 09:15:10,55.8199691772461,49.0655288696289,1
2/20/20 21:57:06,55.72871017456055,49.172828674316406,0
1/31/20 09:53:35,55.82624816894531,49.13459014892578,1
1/31/20 00:08:22,55.80173110961914,49.20248031616211,1
2/12/20 17:48:33,55.78459167480469,49.194091796875,3
3/13/20 13:24:54,55.78813171386719,49.15678024291992,0
3/12/20 22:41:39,55.76988983154297,49.13304138183594,2
3/13/20 15:23:32,55.80223083496094,49.11806869506836,1
2/14/20 14:32:02,55.81975936889648,49.125450134277344,2
2/7/20 10:02:10,55.75125122070313,49.19144821166992,0
3/15/20 22:58:56,55.85057830810547,49.13071823120117,1
1/25/20 18:17:02,55.8155288696289,49.14212036132813,0
2/25/20 11:10:35,55.78522872924805,49.12170028686523,0
3/9/20 22:57:04,55.7888298034668,49.123451232910156,0
2/14/20 13:08:06,55.840721130371094,49.100181579589844,3
2/17/20 11:27:35,55.74856948852539,49.14152908325195,4
1/27/20 10:12:47,55.82918167114258,49.12353897094727,0
3/1/20 22:32:22,55.76741027832031,49.15045928955078,1
1/24/20 22:50:46,55.79180908203125,49.12442016601562,1
2/14/20 23:12:34,55.78570175170898,49.17221069335938,3
2/21/20 19:12:33,55.81755065917969,49.1026611328125,3
3/1/20 21:36:45,55.82608032226562,49.08700942993164,1
2/17/20 11:31:43,55.79322814941406,49.18730926513672,4
3/15/20 17:31:15,55.82014083862305,49.12591171264648,0
1/31/20 08:05:51,55.82740020751953,49.1384391784668,1
3/9/20 21:17:56,55.71960067749024,49.30335998535156,1
2/1/20 00:14:54,55.82545852661133,49.031898498535156,4
1/22/20 10:15:25,55.82598876953125,49.105430603027344,0
2/22/20 09:59:43,55.75519943237305,49.18727111816406,10
2/9/20 16:54:01,55.81830978393555,49.114601135253906,3
2/24/20 09:38:01,55.83417892456055,49.12205123901367,0
1/22/20 21:06:17,55.865440368652344,49.08639907836914,3
3/2/20 10:48:38,55.75186157226562,49.19908905029297,4
2/19/20 17:31:42,55.72829818725586,49.18442153930664,1
2/6/20 02:03:45,55.78506088256836,49.13394165039063,1
2/12/20 08:56:52,55.78953170776367,49.11343002319336,2
2/1/20 14:34:38,55.76324844360352,49.23254013061523,0
2/3/20 13:15:05,55.82453918457031,49.11420822143555,0
3/14/20 09:49:10,55.79487991333008,49.13808059692383,0
3/16/20 17:31:57,55.81975936889648,49.08129119873047,0
2/18/20 06:16:41,55.78641891479492,49.12150955200195,2
2/15/20 08:35:45,55.82622909545898,49.10744857788086,1
2/24/20 14:47:47,55.78329849243164,49.14905166625977,1
2/28/20 17:52:42,55.82674026489258,49.08335876464844,0
1/20/20 13:12:42,55.7910385131836,49.12200164794922,2
1/23/20 18:11:50,55.78926086425781,49.12393188476562,2
2/7/20 16:55:53,55.83736038208008,49.15837097167969,0
1/25/20 17:47:13,55.753379821777344,49.24539184570313,7
2/15/20 00:49:46,55.86843872070313,49.08752059936523,1
2/3/20 11:11:29,55.823448181152344,49.08420944213867,0
2/15/20 18:39:38,55.8477783203125,49.08459854125977,0
1/21/20 19:31:28,55.79536056518555,49.10346984863281,2
1/23/20 21:46:23,55.82532119750977,49.07366180419922,0
1/30/20 16:14:01,55.78836059570313,49.15699005126953,0
2/10/20 08:02:54,55.81103134155274,49.195350646972656,0
1/30/20 21:18:59,55.80393981933594,49.2063102722168,3
3/2/20 14:50:06,55.84587097167969,48.90555953979492,1
2/10/20 08:15:09,55.80168151855469,49.12659072875977,0
1/20/20 12:07:10,55.85345077514648,49.13140106201172,1
2/7/20 07:55:34,55.79653930664063,49.11233139038086,1
1/27/20 21:11:21,55.81570816040039,49.13833999633789,2
3/16/20 12:16:58,55.74296951293945,49.17758178710938,5
1/25/20 12:18:29,55.78133010864258,49.24211120605469,2
2/20/20 06:34:18,55.79502868652344,49.11175918579102,1
2/7/20 06:56:24,55.81964874267578,49.08945083618164,0
2/29/20 20:02:09,55.78268051147461,49.14743041992188,4
2/22/20 02:01:58,55.79393005371094,49.149009704589844,2
3/11/20 11:25:01,55.83745956420898,49.09381103515625,8
2/26/20 13:41:47,55.74583053588867,49.25516128540039,0
2/8/20 17:39:20,55.82341003417969,49.0611801147461,0
1/31/20 10:53:44,55.76342010498047,49.165771484375,4
3/2/20 20:09:54,55.76361083984375,49.220619201660156,1
1/30/20 13:01:37,55.82543182373047,49.04354858398438,2
1/30/20 22:11:55,55.86772155761719,49.22631072998047,3
3/16/20 14:16:43,55.79745864868164,49.12659072875977,0
2/19/20 15:08:13,55.86351013183594,49.083229064941406,2
2/14/20 23:02:27,55.73405838012695,49.15465927124024,3
3/2/20 08:20:31,55.85797882080078,49.07870864868164,1
3/16/20 05:27:46,55.7305908203125,49.187278747558594,1
3/6/20 17:38:14,55.76892852783203,49.21768188476562,3
2/4/20 14:01:24,55.77669143676758,49.10662078857422,0
2/20/20 00:44:32,55.79116821289063,49.12646102905274,1
3/9/20 19:14:12,55.74295043945313,49.21496963500977,6
1/24/20 15:24:53,55.76197814941406,49.222450256347656,0
2/13/20 21:10:10,55.78689956665039,49.12445068359375,0
3/2/20 13:22:38,55.79098129272461,49.12200927734375,0
2/13/20 19:09:30,55.82891845703125,49.04288101196289,1
2/23/20 16:22:07,55.850868225097656,49.08543014526367,2
2/3/20 07:41:57,55.79391098022461,49.09772872924805,1
3/14/20 09:26:53,55.82740020751953,49.19588851928711,3
2/20/20 14:40:15,55.78282928466797,49.15768051147461,0
3/16/20 07:39:07,55.72982025146485,49.18994903564453,1
3/7/20 17:29:51,55.78868103027344,49.22330856323242,0
3/1/20 19:49:35,55.78802871704102,49.22835159301758,0
1/21/20 11:10:36,55.78744888305664,49.11008071899414,0
1/24/20 19:20:25,55.79571151733398,49.22513961791992,1
2/4/20 20:44:43,55.82474899291992,49.1384391784668,1
1/30/20 23:10:01,55.77769088745117,49.148338317871094,0
1/29/20 22:36:03,55.846351623535156,49.156898498535156,3
1/31/20 19:41:24,55.826171875,49.12498092651367,0
1/29/20 09:53:42,55.82081985473633,49.12128829956055,1
3/14/20 13:01:43,55.81594848632813,49.189308166503906,3
2/29/20 13:42:39,55.71852111816406,49.16376113891602,2
2/28/20 00:11:14,55.79232025146485,49.113548278808594,1
2/12/20 01:10:22,55.74797058105469,49.22034072875977,0
2/27/20 17:07:12,55.7935905456543,49.16827011108398,0
2/21/20 22:21:45,55.77724075317383,49.13359832763672,1
2/5/20 09:59:44,55.77783966064453,49.11711883544922,5
1/25/20 19:48:56,55.83272171020508,49.13031005859375,3
1/21/20 10:06:46,55.79372024536133,49.13105010986328,1
1/22/20 21:00:16,55.82492065429688,49.064231872558594,3
3/16/20 12:45:51,55.792030334472656,49.11867904663086,3
2/21/20 16:55:17,55.82867050170898,49.14569091796875,2
2/25/20 09:34:41,55.77508926391602,49.13769149780274,0
3/13/20 02:18:09,55.83681106567383,49.09960174560547,1
3/15/20 08:57:49,55.79111862182617,49.125450134277344,1
2/6/20 07:17:50,55.77883911132813,49.12720108032226,0
1/31/20 08:00:33,55.73035049438477,49.18019104003906,1
1/25/20 08:06:58,55.8243408203125,49.10882949829102,0
3/2/20 22:46:37,55.73762130737305,49.20980072021485,2
3/13/20 15:36:50,55.72935104370117,49.18877029418945,0
1/25/20 14:31:32,55.73929977416992,49.21358871459961,1
3/8/20 18:38:24,55.80738067626953,49.20988845825195,0
3/15/20 21:43:20,55.83794021606445,49.100830078125,3
2/9/20 07:19:42,55.77336883544922,49.17416000366211,3
2/16/20 05:28:45,55.75177001953125,49.155540466308594,3
2/10/20 10:02:29,55.7651481628418,49.22431945800781,0
1/21/20 12:11:41,55.83681106567383,49.14165878295898,2
2/12/20 15:37:42,55.74411010742188,49.17988967895508,0
2/29/20 15:36:17,55.78326034545898,49.11753845214844,0
2/20/20 15:59:08,55.77939987182617,49.13420867919922,0
3/13/20 22:10:37,55.75442886352539,49.20412826538086,1
3/2/20 18:16:32,55.82658004760742,49.10596084594727,2
1/29/20 15:59:10,55.74972152709961,49.213050842285156,2
1/22/20 19:19:11,55.8184814453125,49.10533905029297,2
2/8/20 12:12:10,55.779518127441406,49.22927856445313,1
2/3/20 17:08:31,55.7625617980957,49.19607925415039,4
3/2/20 22:21:38,55.86516952514648,49.216468811035156,4
1/21/20 19:13:35,55.78102111816406,49.22393035888672,0
3/1/20 19:17:05,55.76662063598633,49.13814163208008,2
2/23/20 15:07:11,55.79648971557617,49.13016128540039,4
3/10/20 17:43:40,55.78253936767578,49.23192977905274,9
2/8/20 07:11:26,55.83853149414063,49.15359115600586,2
3/16/20 07:14:06,55.84128189086914,49.07254028320313,2
3/3/20 21:43:20,55.7995491027832,49.17676162719727,1
2/25/20 15:11:05,55.77666854858398,49.14216995239258,1
2/24/20 14:45:52,55.78839874267578,49.17530822753906,0
2/11/20 01:49:18,55.83884811401367,49.14427185058594,0
2/4/20 08:21:33,55.78641891479492,49.12150955200195,1
3/6/20 09:32:53,55.7906608581543,49.12353897094727,2
3/10/20 16:15:14,55.78977966308594,49.16778945922852,1
2/12/20 19:00:57,55.74829864501953,49.2364616394043,2
2/25/20 11:10:29,55.78104019165039,49.14443969726562,0
2/20/20 12:50:36,55.76047897338867,49.17774963378906,0
2/1/20 21:13:14,55.82236862182617,49.12128067016602,0
3/14/20 17:40:03,55.83050155639648,49.10316848754883,3
2/22/20 15:00:38,55.83781051635742,49.11407852172852,3
2/3/20 20:28:49,55.79323959350586,49.15084838867188,1
2/15/20 17:39:39,55.75848007202149,49.23910140991211,0
3/5/20 20:35:01,55.79521179199219,49.17948913574219,2
2/22/20 09:34:09,55.76324844360352,49.23254013061523,4
3/3/20 11:28:10,55.82284164428711,49.13031005859375,1
3/1/20 13:44:19,55.80693054199219,48.9386215209961,1
3/2/20 09:09:43,55.78641891479492,49.12150955200195,2
1/26/20 01:42:21,55.8177604675293,49.11473846435547,0
1/22/20 21:07:09,55.7781982421875,49.24631118774414,3
2/13/20 21:03:52,55.79697036743164,49.18109130859375,3
1/25/20 18:25:17,55.83348083496094,49.12297821044922,4
2/16/20 11:00:54,55.82072067260742,49.09307098388672,3
2/27/20 17:12:26,55.79404830932617,49.13008117675781,2
2/13/20 16:28:49,55.72552871704102,49.19184112548828,1
3/16/20 07:48:59,55.80149841308594,49.17741012573242,4
2/3/20 19:52:32,55.80239868164063,49.06940078735352,0
3/7/20 01:34:54,55.79233932495117,49.11328887939453,0
1/24/20 11:51:11,55.82519912719727,49.07147979736328,1
2/19/20 13:45:25,55.78763961791992,49.10429000854492,1
2/5/20 19:11:01,55.80646133422852,49.20845031738281,0
2/22/20 16:47:59,55.78430938720703,49.14995956420898,0
2/26/20 22:58:30,55.76892852783203,49.21768188476562,1
2/6/20 09:23:19,55.81686019897461,49.11404037475586,1
2/8/20 14:49:08,55.86159896850586,49.10111999511719,0
2/21/20 20:47:32,55.79494857788086,49.19012832641602,6
3/14/20 06:48:50,55.81771850585938,49.14194869995117,3
3/15/20 19:35:28,55.77212142944336,49.22050094604492,7
1/21/20 15:06:16,55.77613067626953,49.21455001831055,1
2/19/20 13:29:30,55.76715087890625,49.1727409362793,0
2/20/20 12:18:32,55.76765823364258,49.184730529785156,1
2/4/20 07:59:36,55.76496124267578,49.10633850097656,0
2/27/20 19:24:59,55.74760055541992,49.19617080688477,0
3/10/20 19:06:33,55.78033065795898,49.152259826660156,0
2/23/20 17:35:29,55.757591247558594,49.156288146972656,0
2/17/20 19:03:51,55.7440185546875,49.20122909545898,4
3/1/20 09:47:05,55.8160514831543,49.12818145751953,1
2/25/20 10:20:39,55.83520126342773,49.10232162475586,2
2/12/20 20:58:55,55.80104064941406,49.18344116210938,1
3/8/20 22:07:29,55.80818176269531,49.08118057250977,1
2/4/20 06:44:00,55.78953170776367,49.12297058105469,2
3/11/20 18:53:25,55.76922988891602,49.1446418762207,1
2/21/20 15:22:37,55.82133102416992,49.099388122558594,0
1/27/20 20:43:35,55.7920913696289,49.22454071044922,0
2/13/20 18:32:11,55.82469177246094,49.05059051513672,2
2/3/20 09:07:48,55.827598571777344,49.14822006225586,2
2/23/20 21:59:35,55.72845840454102,49.17245101928711,2
3/13/20 09:11:11,55.74456024169922,49.21490097045898,2
2/2/20 15:25:33,55.82865905761719,49.1202392578125,5
2/7/20 16:45:10,55.78853988647461,49.11420059204102,3
2/9/20 09:42:24,55.79425048828125,49.20769119262695,5
2/28/20 23:09:51,55.81914901733398,49.08042907714844,1
1/25/20 11:16:03,55.77500915527344,49.12059020996094,2
2/15/20 07:25:55,55.7932014465332,49.14719009399414,0
2/29/20 22:47:34,55.78987121582031,49.165748596191406,1
3/3/20 17:41:54,55.77188110351562,49.13544082641602,3
1/31/20 10:18:52,55.80878829956055,49.19878005981445,0
2/21/20 20:37:53,55.87733840942383,49.06320190429688,2
2/3/20 16:27:36,55.86629104614258,49.08607864379883,1
1/30/20 14:17:42,55.77888870239258,49.22306823730469,1
1/30/20 18:37:44,55.82146835327149,49.07941055297852,0
3/15/20 20:42:43,55.7970085144043,49.1792984008789,4
2/13/20 20:47:09,55.83855819702149,49.11909866333008,3
1/28/20 01:48:10,55.83713150024414,49.20539855957031,3
1/23/20 16:57:32,55.78260040283203,49.16613006591797,3
2/14/20 13:28:53,55.81571960449219,49.129859924316406,0
3/14/20 17:36:22,55.76726913452149,49.1763916015625,2
3/6/20 12:42:25,55.76358032226562,49.14786148071289,2
2/27/20 14:03:11,55.83869171142578,49.14870834350586,0
2/11/20 13:16:12,55.83044052124024,49.13262176513672,1
2/7/20 23:18:26,55.771461486816406,49.17285919189453,0
2/5/20 18:26:45,55.76887130737305,49.15306091308594,2
3/5/20 19:58:18,55.75976943969727,49.16799926757813,0
1/28/20 12:32:32,55.64419937133789,49.231651306152344,1
2/13/20 21:12:20,55.83562088012695,49.157958984375,3
3/13/20 20:50:19,55.80281066894531,49.2009391784668,1
2/7/20 23:54:21,55.83917999267578,49.07720184326172,1
2/7/20 14:41:36,55.78871154785156,49.11463165283203,4
3/13/20 14:04:43,55.80891036987305,49.19628143310547,0
1/23/20 09:35:49,55.84141159057617,49.0824089050293,2
2/27/20 18:06:20,55.83060073852539,49.08433151245117,3
1/22/20 17:31:22,55.85530853271485,49.07643127441406,3
2/6/20 20:15:35,55.78377914428711,49.15147018432617,0
2/15/20 23:02:56,55.76852035522461,49.182861328125,0
3/14/20 16:04:07,55.82456970214844,49.06694030761719,1
3/6/20 19:05:15,55.75690078735352,49.19208145141602,3
2/27/20 22:16:54,55.837181091308594,49.12746047973633,1
1/24/20 10:17:35,55.82149124145508,49.15353012084961,2
1/29/20 09:35:04,55.77946853637695,49.1380615234375,0
2/19/20 20:09:39,55.76824188232422,49.22494888305664,2
1/26/20 11:25:36,55.82532119750977,49.15277099609375,3
2/4/20 12:47:44,55.7852783203125,49.17953109741211,0
3/2/20 01:04:06,55.793678283691406,49.125389099121094,1
2/27/20 19:53:00,55.73651885986328,49.198768615722656,4
1/26/20 11:48:26,55.82518005371094,49.11260986328125,2
2/12/20 22:46:17,55.72861099243164,49.191078186035156,2
2/4/20 08:45:58,55.8331184387207,49.13444900512695,1
3/7/20 18:25:45,55.83203125,49.12398147583008,2
2/17/20 10:01:23,55.78730010986328,49.12881088256836,2
3/10/20 18:46:16,55.82088851928711,49.09759902954102,0
2/11/20 20:27:11,55.83676147460938,49.12841033935547,2
1/29/20 17:15:57,55.826698303222656,49.1001205444336,4
2/24/20 09:34:36,55.8477783203125,49.08459854125977,2
3/16/20 16:11:17,55.8033218383789,49.17720031738281,1
2/9/20 22:19:46,55.8403205871582,49.0831184387207,1
2/28/20 09:29:50,55.78808975219727,49.1109504699707,4
2/15/20 19:55:02,55.74929809570313,49.23828125,0
2/3/20 18:29:11,55.78601837158203,49.14070129394531,1
3/15/20 11:07:15,55.7761116027832,49.14495086669922,3
3/4/20 18:21:33,55.825721740722656,49.15058135986328,2
2/18/20 19:07:14,55.82398986816406,49.134178161621094,0
3/9/20 17:31:34,55.81739044189453,49.09128952026367,0
3/9/20 09:31:54,55.77978897094727,49.11251831054688,0
3/5/20 12:29:51,55.77677917480469,49.13547897338867,0
3/7/20 23:51:18,55.74411010742188,49.17988967895508,1
3/14/20 19:22:38,55.72943115234375,49.17480087280274,0
1/25/20 09:23:40,55.81977081298828,49.11523056030274,5
2/14/20 10:04:28,55.75624084472656,49.17036056518555,4
2/12/20 22:36:35,55.79391098022461,49.09687042236328,0
2/22/20 16:08:35,55.838279724121094,49.11381149291992,1
3/7/20 22:47:29,55.83824920654297,49.14009094238281,0
3/4/20 01:17:57,55.79179000854492,49.1261100769043,2
3/13/20 06:30:28,55.79162979125977,49.11225128173828,4
2/3/20 08:42:07,55.810951232910156,49.09611129760742,1
1/24/20 16:46:07,55.8195915222168,49.10734176635742,3
3/7/20 21:20:08,55.81232070922852,49.089820861816406,1
1/29/20 15:29:49,55.78496932983398,49.12751007080078,3
2/15/20 19:19:59,55.777809143066406,49.12976837158203,0
3/11/20 00:54:38,55.7853012084961,49.23899841308594,0
2/14/20 10:05:27,55.791481018066406,49.12334823608398,2
1/30/20 14:56:00,55.8260612487793,49.06288146972656,4
2/16/20 15:34:42,55.81985855102539,49.106300354003906,0
2/27/20 16:25:42,55.77304077148438,49.13602066040039,3
2/6/20 22:33:07,55.82130813598633,48.90541076660156,5
2/28/20 16:45:27,55.79249954223633,49.132240295410156,1
2/9/20 13:18:56,55.763221740722656,49.16643142700195,1
1/24/20 17:19:46,55.804359436035156,49.20594024658203,0
1/26/20 00:08:02,55.86391067504883,49.07870101928711,3
3/2/20 16:38:25,55.77270126342773,49.13013076782226,0
2/6/20 13:51:56,55.82308959960938,49.155540466308594,0
1/28/20 17:02:56,55.77082061767578,49.17897033691406,0
2/8/20 21:29:18,55.78858184814453,49.12358093261719,1
2/21/20 13:38:01,55.83139038085938,49.07294082641602,4
2/17/20 14:40:58,55.81686019897461,49.11462020874024,0
3/8/20 20:44:14,55.76473999023438,49.12594985961914,4
1/23/20 12:47:23,55.791481018066406,49.12334823608398,2
3/14/20 19:46:56,55.78422164916992,49.15024185180664,0
3/14/20 17:58:44,55.826698303222656,49.15335083007813,2
3/3/20 15:05:55,55.75275039672852,49.17863082885742,0
1/29/20 02:51:23,55.74409103393555,49.179931640625,2
3/4/20 17:07:02,55.80406188964844,49.17766952514648,5
2/19/20 18:47:15,55.82598876953125,49.105430603027344,3
1/24/20 01:15:08,55.80939865112305,49.44332885742188,2
3/8/20 15:30:28,55.75386047363281,49.22647094726562,4
2/20/20 23:01:22,55.741600036621094,49.14532089233398,1
2/14/20 15:08:20,55.79140853881836,49.15217971801758,3
1/24/20 13:34:18,55.823509216308594,49.07939147949219,3
1/23/20 21:31:24,55.79323959350586,49.18431091308594,2
2/7/20 14:56:07,55.79159927368164,49.1723518371582,0
3/8/20 11:48:43,55.78926086425781,49.10784912109375,0
2/27/20 01:13:21,55.81995010375977,49.14580154418945,0
2/6/20 19:19:37,55.778480529785156,49.11420059204102,4
3/10/20 11:15:31,55.83813858032226,49.14131164550781,2
2/12/20 23:10:31,55.79180908203125,49.12442016601562,2
2/1/20 18:20:11,55.720558166503906,49.17012023925781,4
2/7/20 14:21:29,55.76329040527344,49.2257194519043,4
1/28/20 15:00:30,55.7837905883789,49.12530136108398,0
1/24/20 11:07:41,55.82625961303711,49.111061096191406,3
3/13/20 09:31:03,55.80617904663086,49.18424987792969,1
3/6/20 13:22:02,55.8331298828125,49.15203094482422,0
1/27/20 20:35:35,55.82757186889648,49.06389999389648,0
2/4/20 19:11:57,55.745079040527344,49.21797180175781,5
2/12/20 00:49:40,55.776588439941406,49.22993087768555,0
3/12/20 14:34:24,55.81684875488281,49.11828994750977,0
2/23/20 06:38:49,55.79267120361328,49.24898910522461,3
2/8/20 13:26:23,55.82463836669922,49.11227035522461,0
3/16/20 01:56:02,55.76472091674805,49.22478103637695,0
2/8/20 07:32:51,55.79705047607422,49.11415100097656,3
1/26/20 13:30:10,55.80093002319336,49.24163055419922,1
2/19/20 16:27:54,55.85662078857422,49.09394073486328,1
1/25/20 17:28:48,55.834449768066406,49.13262176513672,0
2/9/20 13:55:14,55.77399826049805,49.11639022827149,3
2/21/20 19:01:43,55.80107879638672,49.14065933227539,0
3/4/20 06:35:01,55.7878303527832,49.17490005493164,1
2/17/20 16:49:48,55.83866882324219,49.09539031982422,0
2/2/20 13:53:13,55.84088134765625,49.09988021850586,1
2/13/20 18:55:13,55.7630500793457,49.17522048950195,1
2/12/20 18:09:47,55.75384140014648,49.20470809936523,0
1/22/20 18:13:02,55.7801399230957,49.1054916381836,0
2/28/20 22:19:32,55.790000915527344,49.11854934692383,5
2/13/20 15:25:34,55.79219055175781,49.24787139892578,0
2/20/20 17:06:13,55.786109924316406,49.2340316772461,4
2/16/20 16:33:36,55.76226043701172,49.18310165405274,3
2/29/20 16:18:24,55.794471740722656,49.12829971313477,1
2/22/20 04:13:02,55.7568588256836,49.193519592285156,0
3/14/20 07:18:14,55.72090148925781,49.16944122314453,1
1/31/20 08:28:04,55.81874084472656,49.137611389160156,1
3/9/20 16:42:45,55.81829833984375,49.114601135253906,0
2/25/20 00:46:56,55.76380157470703,49.22734832763672,1
3/3/20 22:18:12,55.74332046508789,49.20153045654297,3
2/23/20 22:48:20,55.83382034301758,49.05559158325195,4
1/27/20 19:21:28,55.868629455566406,49.23168182373047,3
2/2/20 10:52:18,55.84851837158203,49.21414184570313,4
3/11/20 11:53:55,55.81415176391602,49.176170349121094,1
3/16/20 20:23:55,55.76390838623047,49.22967147827149,2
3/5/20 21:18:33,55.78453826904297,49.18096923828125,1
2/15/20 15:41:18,55.784950256347656,49.18901824951172,1
2/9/20 07:09:38,55.74454879760742,49.18064880371094,2
3/15/20 12:55:10,55.76073837280274,49.17898941040039,3
1/30/20 23:40:30,55.827880859375,49.13882827758789,2
2/4/20 13:09:09,55.81929016113281,49.091529846191406,0
1/31/20 16:55:50,55.79581832885742,49.12487030029297,2
1/30/20 15:41:06,55.731361389160156,49.17578125,0
3/5/20 18:09:52,55.82868957519531,49.0512809753418,1
2/20/20 14:25:00,55.76018142700195,49.23841094970703,4
2/16/20 12:54:09,55.768638610839844,49.10200881958008,6
2/22/20 20:46:36,55.7912712097168,49.11592102050781,3
2/3/20 08:54:28,55.78889846801758,49.153770446777344,3
2/23/20 22:11:30,55.834449768066406,49.13262176513672,0
2/26/20 11:04:39,55.7435417175293,49.13822937011719,4
2/10/20 10:48:46,55.82548904418945,49.12800979614258,1
3/7/20 13:17:16,55.81737899780274,49.13137817382813,0
1/30/20 18:44:27,55.796470642089844,49.11605072021485,1
3/12/20 13:35:39,55.75038146972656,49.185791015625,1
3/1/20 22:30:23,55.73841857910156,49.20296859741211,3
2/9/20 22:05:10,55.8238410949707,49.07199096679688,1
2/14/20 14:36:59,55.78511047363281,49.11877059936523,1
3/4/20 13:02:14,55.78797149658203,49.1124496459961,2
2/13/20 21:28:02,55.840248107910156,49.09363174438477,2
2/10/20 08:26:29,55.82051086425781,49.09455108642578,4
1/20/20 07:24:08,55.75495147705078,49.23003005981445,1
3/2/20 07:30:26,55.69036102294922,49.20227813720703,1
2/4/20 04:15:11,55.78947830200195,49.12471008300781,1
3/13/20 06:15:52,55.78451156616211,49.19393920898438,2
2/1/20 00:08:28,55.75215148925781,49.24626159667969,1
2/17/20 18:53:44,55.75397109985352,49.21372985839844,5
2/7/20 17:05:11,55.82532119750977,49.15277099609375,1
2/18/20 09:08:26,55.74583053588867,49.25516128540039,2
1/30/20 19:59:35,55.75056838989258,49.1923713684082,0
3/13/20 15:18:37,55.82820129394531,49.09360122680664,0
2/23/20 01:04:23,55.82059097290039,49.15127182006836,0
3/6/20 17:58:02,55.83942031860352,49.05979919433594,0
1/30/20 01:14:20,55.76573944091797,49.18381881713867,0
1/20/20 18:36:33,55.7651596069336,49.15769958496094,3
2/4/20 13:35:51,55.85873031616211,49.1027717590332,1
1/31/20 13:17:46,55.78501892089844,49.12810897827149,1
1/29/20 09:45:46,55.77886962890625,49.21477890014648,0
2/28/20 16:25:49,55.8663215637207,49.0196418762207,1
1/24/20 20:05:44,55.77281188964844,49.13557052612305,2
1/31/20 11:51:40,55.74499130249024,49.18420028686523,1
3/12/20 13:39:11,55.80405044555664,49.22261047363281,0
3/5/20 14:00:05,55.81694030761719,49.11117935180664,1
2/18/20 08:46:58,55.85998916625977,49.08361053466797,1
2/16/20 16:45:00,55.73479080200195,49.18077087402344,4
2/3/20 06:55:41,55.753150939941406,49.19601058959961,2
2/24/20 17:24:21,55.789268493652344,49.10763931274414,2
2/19/20 17:28:35,55.74787902832031,49.21717071533203,2
3/14/20 13:41:05,55.78892135620117,49.17348098754883,2
2/14/20 19:30:10,55.83126831054688,49.15909957885742,1
2/11/20 22:11:28,55.75566101074219,49.23234939575195,2
3/4/20 12:01:28,55.78192901611328,49.22328186035156,5
1/23/20 17:11:02,55.78181838989258,49.21041870117188,0
3/15/20 15:02:50,55.75104904174805,49.18790817260742,0
3/10/20 07:15:59,55.84141159057617,49.1016616821289,0
1/31/20 17:34:00,55.79256820678711,49.13188934326172,1
2/24/20 11:34:59,55.76353073120117,49.14741134643555,3
3/8/20 19:21:17,55.82727813720703,49.059471130371094,3
1/22/20 22:20:29,55.790611267089844,49.169960021972656,2
2/19/20 11:20:01,55.79182815551758,49.14179992675781,0
2/13/20 09:53:22,55.79962921142578,49.12152862548828,3
2/7/20 17:07:45,55.78607177734375,49.10575866699219,0
2/2/20 01:57:58,55.79291152954102,49.24834060668945,0
1/28/20 18:19:35,55.83760070800781,49.12778091430664,3
2/4/20 22:20:49,55.82991027832031,49.10419845581055,2
2/28/20 13:57:36,55.83234024047852,49.1457405090332,0
1/26/20 05:37:01,55.78044128417969,49.14736938476562,1
3/7/20 13:43:22,55.83044052124024,49.13262176513672,3
2/8/20 07:26:58,55.81203842163086,49.13584899902344,1
2/6/20 11:36:46,55.7917594909668,49.11191177368164,0
2/24/20 12:41:19,55.8231315612793,49.11465072631836,2
3/1/20 21:09:49,55.80397033691406,49.1758918762207,3
2/7/20 17:34:20,55.81777954101562,49.10002899169922,2
1/25/20 20:20:51,55.82725143432617,49.0838508605957,2
2/7/20 11:51:16,55.86560821533203,49.0807991027832,0
3/16/20 18:05:17,55.80261993408203,49.23947143554688,0
3/13/20 18:26:34,55.77344131469727,49.156211853027344,0
2/14/20 07:18:20,55.83924102783203,49.13628005981445,2
2/13/20 23:26:22,55.777809143066406,49.12976837158203,1
2/28/20 12:58:07,55.79328155517578,49.11600875854492,0
1/23/20 22:22:43,55.81782913208008,49.08292007446289,0
3/14/20 13:28:47,55.7808609008789,49.19184875488281,5
1/25/20 14:31:30,55.80389022827149,49.20196914672852,0
3/14/20 21:11:16,55.81399154663086,49.25619125366211,1
2/7/20 22:40:06,55.80615997314453,49.18962097167969,1
1/21/20 07:10:01,55.74763870239258,49.12569046020508,0
2/21/20 20:47:41,55.827308654785156,49.044151306152344,0
2/6/20 07:29:56,55.77748107910156,49.11597061157226,1
3/15/20 11:48:17,55.80067825317383,49.17863845825195,3
3/15/20 21:24:30,55.8426513671875,49.09505844116211,0
1/23/20 09:40:09,55.78789138793945,49.15021133422852,2
3/15/20 00:41:41,55.81293869018555,49.19820022583008,0
2/21/20 23:25:22,55.8260612487793,49.06288146972656,0
3/3/20 20:16:15,55.77592086791992,49.21390151977539,1
2/6/20 09:48:15,55.79578018188477,49.22426986694336,1
1/29/20 18:19:54,55.72557830810547,49.1917610168457,0
2/17/20 19:32:24,55.790870666503906,49.12342834472656,4
2/21/20 00:02:49,55.82757949829102,49.15560150146485,1
2/10/20 16:07:17,55.810791015625,49.19562911987305,0
2/13/20 15:13:44,55.80266189575195,49.20840072631836,1
2/22/20 08:24:42,55.81901168823242,49.11336135864258,0
3/13/20 01:01:57,55.7923583984375,49.22148895263672,0
2/4/20 22:30:06,55.6905288696289,49.20117950439453,1
2/8/20 14:37:12,55.8331298828125,49.15203094482422,0
2/25/20 16:43:19,55.87009048461914,49.07846069335938,3
2/19/20 08:31:52,55.81536865234375,49.08642959594727,3
2/9/20 00:51:01,55.82912063598633,49.071510314941406,0
2/7/20 15:20:14,55.76818084716797,49.12593078613281,2
2/15/20 11:13:30,55.75712966918945,49.12923812866211,5
3/14/20 00:52:27,55.75600814819336,49.22758865356445,3
2/3/20 19:26:46,55.82371139526367,49.09904098510742,1
2/26/20 19:34:45,55.76008987426758,49.17903900146485,7
3/13/20 08:14:00,55.84798049926758,49.09999084472656,1
2/7/20 09:44:59,55.85953903198242,49.09803009033203,0
2/15/20 20:25:52,55.8243293762207,49.14215087890625,4
3/5/20 23:16:13,55.79829025268555,49.113319396972656,2
3/12/20 17:20:52,55.72441864013672,49.17414855957031,4
2/29/20 00:43:11,55.81874084472656,49.10551071166992,1
2/15/20 12:27:11,55.86153030395508,49.06338119506836,1
2/10/20 20:03:04,55.82873916625977,49.09120178222656,5
3/13/20 17:29:19,55.83927917480469,49.13251876831055,0
2/4/20 17:26:54,55.84046173095703,49.13515090942383,0
1/22/20 20:57:59,55.87574005126953,49.0230712890625,4
3/3/20 10:55:25,55.82625961303711,49.05490112304688,2
1/30/20 13:50:43,55.75342178344727,49.17950820922852,2
2/16/20 20:12:33,55.72480010986328,49.17293167114258,2
3/9/20 21:30:35,55.79772186279297,49.18001937866211,2
2/7/20 20:30:01,55.80146026611328,49.06772994995117,1
1/25/20 13:50:13,55.78438949584961,49.15319061279297,1
3/6/20 08:34:44,55.78570938110352,49.11896133422852,0
2/12/20 16:28:58,55.7725715637207,49.24325180053711,3
2/19/20 17:08:03,55.79977035522461,49.05672073364258,1
2/1/20 11:31:52,55.79351043701172,49.15084838867188,0
1/26/20 20:39:27,55.83227157592773,49.07397079467773,2
2/12/20 09:38:54,55.83945846557617,49.12430953979492,2
1/23/20 15:23:53,55.76126098632813,49.15251922607422,2
2/8/20 16:45:53,55.75141143798828,49.21818161010742,1
2/22/20 20:51:51,55.83834838867188,49.12131118774414,4
3/15/20 23:44:31,55.73070907592773,49.17396926879883,2
2/24/20 21:08:16,55.82170104980469,49.1325798034668,1
2/1/20 16:57:34,55.81922149658203,49.1016616821289,2
3/1/20 18:18:19,55.78689956665039,49.12445068359375,1
3/4/20 18:43:36,55.767921447753906,49.14643096923828,2
2/29/20 12:16:08,55.786888122558594,49.11026000976562,1
2/21/20 03:22:01,55.841880798339844,49.1280403137207,1
2/8/20 22:00:34,55.81624984741211,49.12717056274414,3
1/23/20 21:13:15,55.81911849975586,49.10076141357422,1
1/24/20 09:08:40,55.7905387878418,49.10811996459961,5
1/23/20 06:51:54,55.85200119018555,49.07992172241211,2
2/28/20 15:22:37,55.73945999145508,49.197731018066406,1
2/6/20 19:33:31,55.80949020385742,49.19992065429688,0
1/24/20 20:32:23,55.76855850219727,49.15330123901367,1
3/6/20 14:06:45,55.81708908081055,49.11838912963867,2
3/14/20 13:26:49,55.65322875976562,49.22385025024414,2
2/8/20 23:47:55,55.81969833374024,49.12220001220703,0
2/11/20 08:43:47,55.810791015625,49.1891098022461,0
2/12/20 16:01:27,55.78958129882813,49.1049690246582,6
2/22/20 12:38:27,55.83354949951172,49.13449096679688,0
2/6/20 11:31:15,55.79018020629883,49.113670349121094,3
2/24/20 18:19:54,55.837158203125,49.12187957763672,2
2/4/20 10:36:04,55.79578018188477,49.22426986694336,2
3/13/20 19:13:44,55.81513977050781,49.1380500793457,2
1/29/20 16:20:13,55.82339096069336,49.131141662597656,0
3/9/20 14:00:30,55.84833908081055,49.23476028442383,1
1/24/20 18:24:56,55.7111701965332,49.18159866333008,2
3/1/20 12:45:20,55.748939514160156,49.22998809814453,0
2/27/20 21:25:46,55.82236862182617,49.12128067016602,0
2/16/20 20:31:39,55.82183837890625,49.15425109863281,1
2/27/20 17:30:22,55.8314208984375,49.06369018554688,0
2/17/20 19:00:55,55.83631134033203,49.12820816040039,0
2/2/20 10:32:20,55.78868865966797,49.12371063232422,2
3/6/20 14:32:02,55.7659797668457,49.141029357910156,1
2/10/20 14:02:32,55.78150177001953,49.11225128173828,4
2/11/20 20:25:50,55.78268051147461,49.14743041992188,1
2/7/20 21:08:16,55.72539138793945,49.13312911987305,3
2/17/20 21:30:29,55.836631774902344,49.09698867797852,1
2/28/20 07:28:22,55.7977409362793,49.06105041503906,1
3/9/20 05:32:52,55.76287078857422,49.21746826171875,2
2/8/20 20:37:59,55.874961853027344,49.017921447753906,0
2/22/20 22:03:16,55.78377914428711,49.15147018432617,0
2/26/20 20:34:37,55.81827163696289,49.09543991088867,1
2/14/20 13:51:41,55.82040023803711,49.09899139404297,0
2/23/20 12:13:07,55.76879119873047,49.13333129882813,0
2/26/20 12:47:19,55.73759078979492,49.20434188842773,1
1/28/20 00:29:46,55.82583999633789,49.08586883544922,0
2/9/20 22:27:26,55.81433868408203,49.06568908691406,1
2/28/20 13:19:37,55.74449157714844,49.18035125732422,1
2/22/20 23:26:16,55.81998062133789,49.06576156616211,1
2/12/20 07:49:21,55.73474884033203,49.13367080688477,0
2/29/20 23:13:26,55.7264289855957,49.14588928222656,1
2/5/20 17:36:07,55.79256820678711,49.13179016113281,0
2/25/20 22:11:16,55.7960205078125,49.128990173339844,3
3/15/20 13:49:29,55.78517150878906,49.1497917175293,6
1/31/20 21:22:22,55.84289169311523,49.15568161010742,0
1/25/20 10:10:13,55.81930160522461,49.08802032470703,0
2/27/20 17:53:54,55.80704116821289,49.194618225097656,2
1/24/20 23:08:21,55.78921127319336,49.10108947753906,3
3/2/20 19:42:44,55.78559112548828,49.10794067382813,0
3/13/20 09:35:15,55.79388046264648,49.13497924804688,0
2/15/20 22:51:09,55.79111099243164,49.12548065185547,1
1/30/20 19:52:02,55.78741073608398,49.18077850341797,3
2/10/20 19:57:01,55.83227157592773,49.09806823730469,3
3/12/20 15:45:19,55.798728942871094,49.05078125,1
2/12/20 19:21:51,55.75275039672852,49.17863082885742,3
2/5/20 15:51:14,55.81903076171875,49.0918197631836,3
1/21/20 21:18:56,55.814491271972656,49.07690811157226,0
3/10/20 10:50:23,55.79747009277344,49.1119613647461,1
3/14/20 01:20:55,55.81277847290039,49.19015884399414,1
2/10/20 14:37:17,55.77851104736328,49.227928161621094,0
3/4/20 12:46:35,55.78424072265625,49.149131774902344,0
1/22/20 14:05:52,55.7841682434082,49.15570831298828,1
1/24/20 07:02:26,55.78218078613281,49.22465896606445,0
3/2/20 18:57:31,55.7622184753418,49.1661605834961,2
2/12/20 20:10:36,55.76324844360352,49.23254013061523,3
3/5/20 23:33:51,55.78871154785156,49.15739822387695,2
2/23/20 23:50:33,55.8206901550293,49.14831161499024,0
2/9/20 15:27:26,55.76762008666992,49.14393997192383,1
2/29/20 14:48:09,55.79225158691406,49.10477066040039,4
3/10/20 14:25:12,55.74411010742188,49.17988967895508,0
2/5/20 14:39:28,55.81813049316406,49.08559036254883,0
3/13/20 11:02:27,55.819580078125,49.102088928222656,0
3/2/20 22:09:49,55.84069061279297,49.13187026977539,1
2/28/20 13:30:05,55.80749130249024,49.18339920043945,3
3/13/20 12:59:33,55.74480819702149,49.196510314941406,0
3/9/20 16:49:59,55.832298278808594,49.07748031616211,0
1/20/20 13:20:56,55.83345031738281,49.24113082885742,3
2/21/20 15:23:06,55.78858947753906,49.15539932250977,3
3/4/20 13:48:35,55.76211166381836,49.16585159301758,1
2/29/20 16:11:46,55.76892852783203,49.21768188476562,1
2/17/20 21:20:10,55.82197952270508,49.15356826782226,0
3/5/20 18:12:35,55.777870178222656,49.14302062988281,2
2/13/20 11:18:01,55.820579528808594,49.09360885620117,3
2/20/20 15:53:10,55.795799255371094,49.13573837280274,2
2/8/20 07:11:23,55.7913818359375,49.22681045532226,0
1/29/20 21:40:02,55.7784309387207,49.11227035522461,1
2/27/20 18:05:47,55.7456283569336,49.202919006347656,1
2/8/20 11:57:43,55.77988815307617,49.22853088378906,2
2/21/20 20:32:16,55.83341979980469,49.05475997924805,6
3/2/20 11:23:14,55.76210021972656,49.14828872680664,1
2/13/20 18:25:26,55.88423156738281,49.04362106323242,2
2/4/20 13:26:29,55.76824951171875,49.103759765625,0
1/21/20 20:51:51,55.76897811889648,49.26134872436523,2
2/17/20 14:44:47,55.853981018066406,49.06866836547852,5
3/6/20 09:30:40,55.8194694519043,49.101600646972656,2
3/13/20 11:01:07,55.77265167236328,49.098411560058594,0
2/10/20 17:58:08,55.80107116699219,49.241920471191406,0
3/13/20 09:25:24,55.83773040771485,49.113548278808594,0
2/6/20 08:47:21,55.81435012817383,49.18455123901367,1
2/20/20 17:14:22,55.77508926391602,49.13769149780274,8
2/25/20 15:39:35,55.78689956665039,49.12445068359375,3
3/4/20 18:28:57,55.81227111816406,49.06459045410156,0
2/3/20 11:57:12,55.79851913452149,49.11505889892578,0
2/27/20 20:58:28,55.77630996704102,49.13195037841797,3
1/22/20 20:16:45,55.86777877807617,49.05447006225586,2
2/28/20 22:20:13,55.83649063110352,49.12821960449219,1
1/26/20 01:17:22,55.79116821289063,49.25151824951172,1
2/19/20 09:30:26,55.83620071411133,49.07674026489258,4
3/3/20 18:41:04,55.82265853881836,49.14242172241211,0
2/14/20 15:54:33,55.85565185546875,49.08470153808594,0
3/12/20 20:06:47,55.78411865234375,49.1504898071289,3
1/27/20 15:57:32,55.79241943359375,49.24943161010742,4
2/18/20 10:42:55,55.82009887695313,49.18085861206055,2
2/14/20 18:22:18,55.772010803222656,49.20421981811523,0
1/20/20 11:35:36,55.82659149169922,49.14892959594727,1
3/10/20 21:43:35,55.83279037475586,49.06230926513672,0
2/13/20 13:50:18,55.79111099243164,49.12202072143555,0
2/23/20 14:52:35,55.77669906616211,49.23524856567383,1
1/28/20 14:34:37,55.81983947753906,49.12474060058594,0
1/28/20 13:29:05,55.83850860595703,49.14525985717773,0
3/16/20 20:53:08,55.75888061523438,49.18032836914063,3
3/5/20 00:08:17,55.81985855102539,49.106300354003906,2
3/9/20 08:09:51,55.72452163696289,49.17345809936523,2
1/23/20 15:42:51,55.7663688659668,49.23593139648438,2
2/27/20 09:37:58,55.79256820678711,49.1201286315918,1
2/19/20 07:27:00,55.7713508605957,49.2222785949707,4
2/16/20 13:07:13,55.81993103027344,49.116661071777344,3
3/6/20 20:49:04,55.77978134155274,49.1036491394043,0
2/26/20 09:05:50,55.75135040283203,49.17306900024414,5
2/28/20 08:08:48,55.82192993164063,49.1244010925293,0
2/17/20 16:33:01,55.78845977783203,49.12789916992188,0
2/8/20 20:38:25,55.83892822265625,49.10364151000977,3
3/16/20 15:48:49,55.76544952392578,49.15018844604492,1
2/5/20 19:37:40,55.754600524902344,49.24422073364258,3
3/13/20 09:18:53,55.76448059082031,49.12099838256836,0
3/11/20 13:57:03,55.81534957885742,49.13436889648438,5
3/10/20 02:03:58,55.81694030761719,49.109840393066406,0
2/19/20 16:56:50,55.78770065307617,49.1080207824707,0
3/8/20 20:16:08,55.79743957519531,49.12305068969727,2
3/14/20 12:42:21,55.78326034545898,49.11497116088867,0
3/9/20 16:21:40,55.81772994995117,49.063758850097656,2
1/23/20 08:33:50,55.79132080078125,49.12358093261719,0
2/10/20 21:50:11,55.86529159545898,49.091041564941406,0
3/7/20 17:29:05,55.82762145996094,49.149131774902344,5
1/20/20 10:31:20,55.78820037841797,49.12128829956055,0
1/23/20 07:20:53,55.74837112426758,49.18878173828125,0
3/2/20 09:20:19,55.7681884765625,49.17911148071289,0
2/8/20 17:29:32,55.82585144042969,49.06132125854492,2
1/21/20 14:38:58,55.77914047241211,49.11882019042969,3
3/15/20 17:45:53,55.820579528808594,49.09360885620117,1
1/30/20 21:41:25,55.79912185668945,49.194908142089844,3
2/28/20 03:11:41,55.75730895996094,49.1938591003418,1
2/6/20 23:33:18,55.82405090332031,49.11838150024414,2
3/7/20 19:48:59,55.77075958251953,49.15272903442383,5
3/12/20 11:00:14,55.78908157348633,49.12258911132813,1
2/4/20 09:47:56,55.75101089477539,49.20267105102539,8
2/9/20 01:03:27,55.83818817138672,49.1203498840332,2
3/3/20 20:07:00,55.85554885864258,49.25790023803711,5
2/27/20 15:12:14,55.792930603027344,49.16386032104492,0
1/22/20 23:38:28,55.78509140014648,49.19075012207031,2
1/30/20 15:47:04,55.70936965942383,49.35766983032226,3
3/5/20 16:50:45,55.82738876342773,49.07165908813477,0
3/8/20 11:32:07,55.75609970092773,49.187538146972656,6
2/3/20 08:27:08,55.78824996948242,49.12314987182617,0
2/12/20 15:31:36,55.81174087524414,49.18326950073242,2
3/5/20 21:37:06,55.76813888549805,49.16413116455078,1
2/13/20 08:09:55,55.74158096313477,49.19404983520508,0
3/3/20 09:22:40,55.7906608581543,49.12353897094727,0
2/8/20 18:23:48,55.83697891235352,49.10181045532226,0
2/14/20 16:58:24,55.7900390625,49.11381149291992,0
1/26/20 18:23:48,55.78189086914063,49.15399169921875,1
2/26/20 08:00:41,55.7872085571289,49.14007186889648,3
2/4/20 08:07:23,55.803489685058594,49.14810180664063,0
2/16/20 05:45:03,55.82997131347656,49.08393859863281,0
1/21/20 23:24:59,55.72227096557617,49.17258071899414,6
3/12/20 13:51:19,55.786888122558594,49.11026000976562,0
3/14/20 15:14:34,55.78744888305664,49.11008071899414,1
3/1/20 22:22:53,55.74411010742188,49.17988967895508,5
3/16/20 13:36:28,55.78319931030274,49.1144905090332,5
3/12/20 19:59:31,55.83626937866211,49.15729904174805,2
2/29/20 21:11:05,55.76924133300781,49.244041442871094,3
2/5/20 20:05:52,55.76324081420898,49.22980117797852,1
1/20/20 13:10:03,55.787841796875,49.13481140136719,1
3/13/20 23:04:17,55.77330017089844,49.14598846435547,1
2/2/20 10:48:12,55.68965148925781,49.20130920410156,4
2/14/20 17:15:07,55.73191833496094,49.17663955688477,2
2/15/20 23:28:52,55.81962966918945,49.09794998168945,1
2/19/20 20:48:38,55.78374099731445,49.19390106201172,1
3/7/20 01:24:01,55.79135131835938,49.12488174438477,2
3/11/20 18:18:05,55.81624984741211,49.12717056274414,2
2/11/20 06:20:22,55.77452087402344,49.19890975952149,4
2/26/20 18:03:00,55.82402038574219,49.1163215637207,0
3/4/20 11:24:54,55.78876113891602,49.13695907592773,0
3/7/20 14:59:29,55.86434936523438,49.22497177124024,4
3/3/20 16:35:05,55.77418899536133,49.12041091918945,1
2/29/20 16:47:34,55.79233932495117,49.154380798339844,0
1/22/20 11:44:50,55.7512092590332,49.21435165405274,0
1/20/20 21:02:30,55.7806282043457,49.22127151489258,2
